STATION,STATION_NAME,DATE,DLY-TAVG-NORMAL,DLY-TAVG-STDDEV
GHCND:USW00003888,ATLANTA FULTON CO AIRPORT GA US,20100101,428,90
GHCND:USW00003888,ATLANTA FULTON CO AIRPORT GA US,20100102,427,90
GHCND:USW00003888,ATLANTA FULTON CO AIRPORT GA US,20100103,427,90
GHCND:USW00003888,ATLANTA FULTON CO AIRPORT GA US,20100104,427,91
GHCND:USW00003888,ATLANTA FULTON CO AIRPORT GA US,20100105,427,91
GHCND:USW00003888,ATLANTA FULTON CO AIRPORT GA US,20100106,427,91
GHCND:USW00003888,ATLANTA FULTON CO AIRPORT GA US,20100107,427,91
GHCND:USW00003888,ATLANTA FULTON CO AIRPORT GA US,20100108,427,92
GHCND:USW00003888,ATLANTA FULTON CO AIRPORT GA US,20100109,427,92
GHCND:USW00003888,ATLANTA FULTON CO AIRPORT GA US,20100110,427,92
GHCND:USW00003888,ATLANTA FULTON CO AIRPORT GA US,20100111,428,92
GHCND:USW00003888,ATLANTA FULTON CO AIRPORT GA US,20100112,428,93
GHCND:USW00003888,ATLANTA FULTON CO AIRPORT GA US,20100113,428,92
GHCND:USW00003888,ATLANTA FULTON CO AIRPORT GA US,20100114,429,92
GHCND:USW00003888,ATLANTA FULTON CO AIRPORT GA US,20100115,429,92
GHCND:USW00003888,ATLANTA FULTON CO AIRPORT GA US,20100116,430,92
GHCND:USW00003888,ATLANTA FULTON CO AIRPORT GA US,20100117,430,91
GHCND:USW00003888,ATLANTA FULTON CO AIRPORT GA US,20100118,430,90
GHCND:USW00003888,ATLANTA FULTON CO AIRPORT GA US,20100119,431,89
GHCND:USW00003888,ATLANTA FULTON CO AIRPORT GA US,20100120,432,89
GHCND:USW00003888,ATLANTA FULTON CO AIRPORT GA US,20100121,432,88
GHCND:USW00003888,ATLANTA FULTON CO AIRPORT GA US,20100122,433,87
GHCND:USW00003888,ATLANTA FULTON CO AIRPORT GA US,20100123,433,86
GHCND:USW00003888,ATLANTA FULTON CO AIRPORT GA US,20100124,434,85
GHCND:USW00003888,ATLANTA FULTON CO AIRPORT GA US,20100125,435,84
GHCND:USW00003888,ATLANTA FULTON CO AIRPORT GA US,20100126,436,84
GHCND:USW00003888,ATLANTA FULTON CO AIRPORT GA US,20100127,436,83
GHCND:USW00003888,ATLANTA FULTON CO AIRPORT GA US,20100128,437,83
GHCND:USW00003888,ATLANTA FULTON CO AIRPORT GA US,20100129,438,83
GHCND:USW00003888,ATLANTA FULTON CO AIRPORT GA US,20100130,439,82
GHCND:USW00003888,ATLANTA FULTON CO AIRPORT GA US,20100131,440,82
GHCND:USW00003888,ATLANTA FULTON CO AIRPORT GA US,20100201,441,82
GHCND:USW00003888,ATLANTA FULTON CO AIRPORT GA US,20100202,442,81
GHCND:USW00003888,ATLANTA FULTON CO AIRPORT GA US,20100203,443,81
GHCND:USW00003888,ATLANTA FULTON CO AIRPORT GA US,20100204,445,80
GHCND:USW00003888,ATLANTA FULTON CO AIRPORT GA US,20100205,446,80
GHCND:USW00003888,ATLANTA FULTON CO AIRPORT GA US,20100206,447,80
GHCND:USW00003888,ATLANTA FULTON CO AIRPORT GA US,20100207,448,79
GHCND:USW00003888,ATLANTA FULTON CO AIRPORT GA US,20100208,450,79
GHCND:USW00003888,ATLANTA FULTON CO AIRPORT GA US,20100209,451,78
GHCND:USW00003888,ATLANTA FULTON CO AIRPORT GA US,20100210,453,78
GHCND:USW00003888,ATLANTA FULTON CO AIRPORT GA US,20100211,455,78
GHCND:USW00003888,ATLANTA FULTON CO AIRPORT GA US,20100212,456,78
GHCND:USW00003888,ATLANTA FULTON CO AIRPORT GA US,20100213,458,78
GHCND:USW00003888,ATLANTA FULTON CO AIRPORT GA US,20100214,460,77
GHCND:USW00003888,ATLANTA FULTON CO AIRPORT GA US,20100215,462,78
GHCND:USW00003888,ATLANTA FULTON CO AIRPORT GA US,20100216,464,78
GHCND:USW00003888,ATLANTA FULTON CO AIRPORT GA US,20100217,466,78
GHCND:USW00003888,ATLANTA FULTON CO AIRPORT GA US,20100218,468,78
GHCND:USW00003888,ATLANTA FULTON CO AIRPORT GA US,20100219,470,78
GHCND:USW00003888,ATLANTA FULTON CO AIRPORT GA US,20100220,472,78
GHCND:USW00003888,ATLANTA FULTON CO AIRPORT GA US,20100221,475,78
GHCND:USW00003888,ATLANTA FULTON CO AIRPORT GA US,20100222,477,79
GHCND:USW00003888,ATLANTA FULTON CO AIRPORT GA US,20100223,479,79
GHCND:USW00003888,ATLANTA FULTON CO AIRPORT GA US,20100224,482,79
GHCND:USW00003888,ATLANTA FULTON CO AIRPORT GA US,20100225,484,79
GHCND:USW00003888,ATLANTA FULTON CO AIRPORT GA US,20100226,487,78
GHCND:USW00003888,ATLANTA FULTON CO AIRPORT GA US,20100227,490,78
GHCND:USW00003888,ATLANTA FULTON CO AIRPORT GA US,20100228,492,78
GHCND:USW00003888,ATLANTA FULTON CO AIRPORT GA US,20100301,495,78
GHCND:USW00003888,ATLANTA FULTON CO AIRPORT GA US,20100302,498,77
GHCND:USW00003888,ATLANTA FULTON CO AIRPORT GA US,20100303,500,77
GHCND:USW00003888,ATLANTA FULTON CO AIRPORT GA US,20100304,503,77
GHCND:USW00003888,ATLANTA FULTON CO AIRPORT GA US,20100305,506,77
GHCND:USW00003888,ATLANTA FULTON CO AIRPORT GA US,20100306,509,77
GHCND:USW00003888,ATLANTA FULTON CO AIRPORT GA US,20100307,512,77
GHCND:USW00003888,ATLANTA FULTON CO AIRPORT GA US,20100308,515,77
GHCND:USW00003888,ATLANTA FULTON CO AIRPORT GA US,20100309,517,76
GHCND:USW00003888,ATLANTA FULTON CO AIRPORT GA US,20100310,520,76
GHCND:USW00003888,ATLANTA FULTON CO AIRPORT GA US,20100311,523,76
GHCND:USW00003888,ATLANTA FULTON CO AIRPORT GA US,20100312,526,76
GHCND:USW00003888,ATLANTA FULTON CO AIRPORT GA US,20100313,529,75
GHCND:USW00003888,ATLANTA FULTON CO AIRPORT GA US,20100314,531,75
GHCND:USW00003888,ATLANTA FULTON CO AIRPORT GA US,20100315,534,75
GHCND:USW00003888,ATLANTA FULTON CO AIRPORT GA US,20100316,537,74
GHCND:USW00003888,ATLANTA FULTON CO AIRPORT GA US,20100317,540,74
GHCND:USW00003888,ATLANTA FULTON CO AIRPORT GA US,20100318,542,74
GHCND:USW00003888,ATLANTA FULTON CO AIRPORT GA US,20100319,545,74
GHCND:USW00003888,ATLANTA FULTON CO AIRPORT GA US,20100320,548,73
GHCND:USW00003888,ATLANTA FULTON CO AIRPORT GA US,20100321,550,73
GHCND:USW00003888,ATLANTA FULTON CO AIRPORT GA US,20100322,553,73
GHCND:USW00003888,ATLANTA FULTON CO AIRPORT GA US,20100323,555,73
GHCND:USW00003888,ATLANTA FULTON CO AIRPORT GA US,20100324,558,72
GHCND:USW00003888,ATLANTA FULTON CO AIRPORT GA US,20100325,560,72
GHCND:USW00003888,ATLANTA FULTON CO AIRPORT GA US,20100326,563,72
GHCND:USW00003888,ATLANTA FULTON CO AIRPORT GA US,20100327,565,72
GHCND:USW00003888,ATLANTA FULTON CO AIRPORT GA US,20100328,567,72
GHCND:USW00003888,ATLANTA FULTON CO AIRPORT GA US,20100329,570,72
GHCND:USW00003888,ATLANTA FULTON CO AIRPORT GA US,20100330,572,72
GHCND:USW00003888,ATLANTA FULTON CO AIRPORT GA US,20100331,574,72
GHCND:USW00003888,ATLANTA FULTON CO AIRPORT GA US,20100401,577,72
GHCND:USW00003888,ATLANTA FULTON CO AIRPORT GA US,20100402,579,72
GHCND:USW00003888,ATLANTA FULTON CO AIRPORT GA US,20100403,581,72
GHCND:USW00003888,ATLANTA FULTON CO AIRPORT GA US,20100404,583,72
GHCND:USW00003888,ATLANTA FULTON CO AIRPORT GA US,20100405,586,71
GHCND:USW00003888,ATLANTA FULTON CO AIRPORT GA US,20100406,588,71
GHCND:USW00003888,ATLANTA FULTON CO AIRPORT GA US,20100407,590,70
GHCND:USW00003888,ATLANTA FULTON CO AIRPORT GA US,20100408,592,70
GHCND:USW00003888,ATLANTA FULTON CO AIRPORT GA US,20100409,594,70
GHCND:USW00003888,ATLANTA FULTON CO AIRPORT GA US,20100410,597,69
GHCND:USW00003888,ATLANTA FULTON CO AIRPORT GA US,20100411,599,69
GHCND:USW00003888,ATLANTA FULTON CO AIRPORT GA US,20100412,601,69
GHCND:USW00003888,ATLANTA FULTON CO AIRPORT GA US,20100413,603,68
GHCND:USW00003888,ATLANTA FULTON CO AIRPORT GA US,20100414,606,68
GHCND:USW00003888,ATLANTA FULTON CO AIRPORT GA US,20100415,608,67
GHCND:USW00003888,ATLANTA FULTON CO AIRPORT GA US,20100416,610,66
GHCND:USW00003888,ATLANTA FULTON CO AIRPORT GA US,20100417,613,66
GHCND:USW00003888,ATLANTA FULTON CO AIRPORT GA US,20100418,615,65
GHCND:USW00003888,ATLANTA FULTON CO AIRPORT GA US,20100419,617,64
GHCND:USW00003888,ATLANTA FULTON CO AIRPORT GA US,20100420,620,64
GHCND:USW00003888,ATLANTA FULTON CO AIRPORT GA US,20100421,622,63
GHCND:USW00003888,ATLANTA FULTON CO AIRPORT GA US,20100422,625,62
GHCND:USW00003888,ATLANTA FULTON CO AIRPORT GA US,20100423,627,62
GHCND:USW00003888,ATLANTA FULTON CO AIRPORT GA US,20100424,630,61
GHCND:USW00003888,ATLANTA FULTON CO AIRPORT GA US,20100425,633,60
GHCND:USW00003888,ATLANTA FULTON CO AIRPORT GA US,20100426,635,59
GHCND:USW00003888,ATLANTA FULTON CO AIRPORT GA US,20100427,638,58
GHCND:USW00003888,ATLANTA FULTON CO AIRPORT GA US,20100428,641,58
GHCND:USW00003888,ATLANTA FULTON CO AIRPORT GA US,20100429,643,57
GHCND:USW00003888,ATLANTA FULTON CO AIRPORT GA US,20100430,646,56
GHCND:USW00003888,ATLANTA FULTON CO AIRPORT GA US,20100501,649,56
GHCND:USW00003888,ATLANTA FULTON CO AIRPORT GA US,20100502,652,56
GHCND:USW00003888,ATLANTA FULTON CO AIRPORT GA US,20100503,655,55
GHCND:USW00003888,ATLANTA FULTON CO AIRPORT GA US,20100504,658,55
GHCND:USW00003888,ATLANTA FULTON CO AIRPORT GA US,20100505,661,55
GHCND:USW00003888,ATLANTA FULTON CO AIRPORT GA US,20100506,664,55
GHCND:USW00003888,ATLANTA FULTON CO AIRPORT GA US,20100507,667,54
GHCND:USW00003888,ATLANTA FULTON CO AIRPORT GA US,20100508,670,54
GHCND:USW00003888,ATLANTA FULTON CO AIRPORT GA US,20100509,673,54
GHCND:USW00003888,ATLANTA FULTON CO AIRPORT GA US,20100510,676,54
GHCND:USW00003888,ATLANTA FULTON CO AIRPORT GA US,20100511,679,53
GHCND:USW00003888,ATLANTA FULTON CO AIRPORT GA US,20100512,682,53
GHCND:USW00003888,ATLANTA FULTON CO AIRPORT GA US,20100513,685,53
GHCND:USW00003888,ATLANTA FULTON CO AIRPORT GA US,20100514,688,52
GHCND:USW00003888,ATLANTA FULTON CO AIRPORT GA US,20100515,691,52
GHCND:USW00003888,ATLANTA FULTON CO AIRPORT GA US,20100516,694,51
GHCND:USW00003888,ATLANTA FULTON CO AIRPORT GA US,20100517,696,51
GHCND:USW00003888,ATLANTA FULTON CO AIRPORT GA US,20100518,699,51
GHCND:USW00003888,ATLANTA FULTON CO AIRPORT GA US,20100519,702,50
GHCND:USW00003888,ATLANTA FULTON CO AIRPORT GA US,20100520,705,50
GHCND:USW00003888,ATLANTA FULTON CO AIRPORT GA US,20100521,708,49
GHCND:USW00003888,ATLANTA FULTON CO AIRPORT GA US,20100522,711,49
GHCND:USW00003888,ATLANTA FULTON CO AIRPORT GA US,20100523,714,49
GHCND:USW00003888,ATLANTA FULTON CO AIRPORT GA US,20100524,717,48
GHCND:USW00003888,ATLANTA FULTON CO AIRPORT GA US,20100525,719,48
GHCND:USW00003888,ATLANTA FULTON CO AIRPORT GA US,20100526,722,47
GHCND:USW00003888,ATLANTA FULTON CO AIRPORT GA US,20100527,725,47
GHCND:USW00003888,ATLANTA FULTON CO AIRPORT GA US,20100528,727,46
GHCND:USW00003888,ATLANTA FULTON CO AIRPORT GA US,20100529,730,46
GHCND:USW00003888,ATLANTA FULTON CO AIRPORT GA US,20100530,733,45
GHCND:USW00003888,ATLANTA FULTON CO AIRPORT GA US,20100531,735,45
GHCND:USW00003888,ATLANTA FULTON CO AIRPORT GA US,20100601,738,44
GHCND:USW00003888,ATLANTA FULTON CO AIRPORT GA US,20100602,740,44
GHCND:USW00003888,ATLANTA FULTON CO AIRPORT GA US,20100603,742,43
GHCND:USW00003888,ATLANTA FULTON CO AIRPORT GA US,20100604,745,43
GHCND:USW00003888,ATLANTA FULTON CO AIRPORT GA US,20100605,747,42
GHCND:USW00003888,ATLANTA FULTON CO AIRPORT GA US,20100606,749,42
GHCND:USW00003888,ATLANTA FULTON CO AIRPORT GA US,20100607,752,41
GHCND:USW00003888,ATLANTA FULTON CO AIRPORT GA US,20100608,754,41
GHCND:USW00003888,ATLANTA FULTON CO AIRPORT GA US,20100609,756,40
GHCND:USW00003888,ATLANTA FULTON CO AIRPORT GA US,20100610,758,40
GHCND:USW00003888,ATLANTA FULTON CO AIRPORT GA US,20100611,760,40
GHCND:USW00003888,ATLANTA FULTON CO AIRPORT GA US,20100612,762,39
GHCND:USW00003888,ATLANTA FULTON CO AIRPORT GA US,20100613,764,39
GHCND:USW00003888,ATLANTA FULTON CO AIRPORT GA US,20100614,766,39
GHCND:USW00003888,ATLANTA FULTON CO AIRPORT GA US,20100615,767,38
GHCND:USW00003888,ATLANTA FULTON CO AIRPORT GA US,20100616,769,38
GHCND:USW00003888,ATLANTA FULTON CO AIRPORT GA US,20100617,771,38
GHCND:USW00003888,ATLANTA FULTON CO AIRPORT GA US,20100618,773,37
GHCND:USW00003888,ATLANTA FULTON CO AIRPORT GA US,20100619,774,37
GHCND:USW00003888,ATLANTA FULTON CO AIRPORT GA US,20100620,776,37
GHCND:USW00003888,ATLANTA FULTON CO AIRPORT GA US,20100621,777,36
GHCND:USW00003888,ATLANTA FULTON CO AIRPORT GA US,20100622,779,36
GHCND:USW00003888,ATLANTA FULTON CO AIRPORT GA US,20100623,780,36
GHCND:USW00003888,ATLANTA FULTON CO AIRPORT GA US,20100624,782,36
GHCND:USW00003888,ATLANTA FULTON CO AIRPORT GA US,20100625,783,35
GHCND:USW00003888,ATLANTA FULTON CO AIRPORT GA US,20100626,784,35
GHCND:USW00003888,ATLANTA FULTON CO AIRPORT GA US,20100627,786,35
GHCND:USW00003888,ATLANTA FULTON CO AIRPORT GA US,20100628,787,35
GHCND:USW00003888,ATLANTA FULTON CO AIRPORT GA US,20100629,788,34
GHCND:USW00003888,ATLANTA FULTON CO AIRPORT GA US,20100630,789,34
GHCND:USW00003888,ATLANTA FULTON CO AIRPORT GA US,20100701,790,34
GHCND:USW00003888,ATLANTA FULTON CO AIRPORT GA US,20100702,791,33
GHCND:USW00003888,ATLANTA FULTON CO AIRPORT GA US,20100703,792,33
GHCND:USW00003888,ATLANTA FULTON CO AIRPORT GA US,20100704,793,33
GHCND:USW00003888,ATLANTA FULTON CO AIRPORT GA US,20100705,794,33
GHCND:USW00003888,ATLANTA FULTON CO AIRPORT GA US,20100706,795,33
GHCND:USW00003888,ATLANTA FULTON CO AIRPORT GA US,20100707,795,33
GHCND:USW00003888,ATLANTA FULTON CO AIRPORT GA US,20100708,796,32
GHCND:USW00003888,ATLANTA FULTON CO AIRPORT GA US,20100709,797,32
GHCND:USW00003888,ATLANTA FULTON CO AIRPORT GA US,20100710,797,32
GHCND:USW00003888,ATLANTA FULTON CO AIRPORT GA US,20100711,798,32
GHCND:USW00003888,ATLANTA FULTON CO AIRPORT GA US,20100712,798,32
GHCND:USW00003888,ATLANTA FULTON CO AIRPORT GA US,20100713,799,31
GHCND:USW00003888,ATLANTA FULTON CO AIRPORT GA US,20100714,799,31
GHCND:USW00003888,ATLANTA FULTON CO AIRPORT GA US,20100715,800,31
GHCND:USW00003888,ATLANTA FULTON CO AIRPORT GA US,20100716,800,31
GHCND:USW00003888,ATLANTA FULTON CO AIRPORT GA US,20100717,800,31
GHCND:USW00003888,ATLANTA FULTON CO AIRPORT GA US,20100718,800,31
GHCND:USW00003888,ATLANTA FULTON CO AIRPORT GA US,20100719,800,31
GHCND:USW00003888,ATLANTA FULTON CO AIRPORT GA US,20100720,801,31
GHCND:USW00003888,ATLANTA FULTON CO AIRPORT GA US,20100721,801,31
GHCND:USW00003888,ATLANTA FULTON CO AIRPORT GA US,20100722,801,31
GHCND:USW00003888,ATLANTA FULTON CO AIRPORT GA US,20100723,801,32
GHCND:USW00003888,ATLANTA FULTON CO AIRPORT GA US,20100724,801,32
GHCND:USW00003888,ATLANTA FULTON CO AIRPORT GA US,20100725,801,32
GHCND:USW00003888,ATLANTA FULTON CO AIRPORT GA US,20100726,801,32
GHCND:USW00003888,ATLANTA FULTON CO AIRPORT GA US,20100727,800,33
GHCND:USW00003888,ATLANTA FULTON CO AIRPORT GA US,20100728,800,33
GHCND:USW00003888,ATLANTA FULTON CO AIRPORT GA US,20100729,800,33
GHCND:USW00003888,ATLANTA FULTON CO AIRPORT GA US,20100730,800,33
GHCND:USW00003888,ATLANTA FULTON CO AIRPORT GA US,20100731,799,34
GHCND:USW00003888,ATLANTA FULTON CO AIRPORT GA US,20100801,799,34
GHCND:USW00003888,ATLANTA FULTON CO AIRPORT GA US,20100802,799,34
GHCND:USW00003888,ATLANTA FULTON CO AIRPORT GA US,20100803,798,34
GHCND:USW00003888,ATLANTA FULTON CO AIRPORT GA US,20100804,798,34
GHCND:USW00003888,ATLANTA FULTON CO AIRPORT GA US,20100805,798,34
GHCND:USW00003888,ATLANTA FULTON CO AIRPORT GA US,20100806,797,34
GHCND:USW00003888,ATLANTA FULTON CO AIRPORT GA US,20100807,796,34
GHCND:USW00003888,ATLANTA FULTON CO AIRPORT GA US,20100808,796,34
GHCND:USW00003888,ATLANTA FULTON CO AIRPORT GA US,20100809,795,34
GHCND:USW00003888,ATLANTA FULTON CO AIRPORT GA US,20100810,795,34
GHCND:USW00003888,ATLANTA FULTON CO AIRPORT GA US,20100811,794,34
GHCND:USW00003888,ATLANTA FULTON CO AIRPORT GA US,20100812,793,34
GHCND:USW00003888,ATLANTA FULTON CO AIRPORT GA US,20100813,793,34
GHCND:USW00003888,ATLANTA FULTON CO AIRPORT GA US,20100814,792,34
GHCND:USW00003888,ATLANTA FULTON CO AIRPORT GA US,20100815,791,34
GHCND:USW00003888,ATLANTA FULTON CO AIRPORT GA US,20100816,790,34
GHCND:USW00003888,ATLANTA FULTON CO AIRPORT GA US,20100817,789,34
GHCND:USW00003888,ATLANTA FULTON CO AIRPORT GA US,20100818,788,34
GHCND:USW00003888,ATLANTA FULTON CO AIRPORT GA US,20100819,787,34
GHCND:USW00003888,ATLANTA FULTON CO AIRPORT GA US,20100820,786,34
GHCND:USW00003888,ATLANTA FULTON CO AIRPORT GA US,20100821,785,34
GHCND:USW00003888,ATLANTA FULTON CO AIRPORT GA US,20100822,784,33
GHCND:USW00003888,ATLANTA FULTON CO AIRPORT GA US,20100823,782,33
GHCND:USW00003888,ATLANTA FULTON CO AIRPORT GA US,20100824,781,33
GHCND:USW00003888,ATLANTA FULTON CO AIRPORT GA US,20100825,780,33
GHCND:USW00003888,ATLANTA FULTON CO AIRPORT GA US,20100826,778,33
GHCND:USW00003888,ATLANTA FULTON CO AIRPORT GA US,20100827,776,33
GHCND:USW00003888,ATLANTA FULTON CO AIRPORT GA US,20100828,775,33
GHCND:USW00003888,ATLANTA FULTON CO AIRPORT GA US,20100829,773,33
GHCND:USW00003888,ATLANTA FULTON CO AIRPORT GA US,20100830,771,33
GHCND:USW00003888,ATLANTA FULTON CO AIRPORT GA US,20100831,770,33
GHCND:USW00003888,ATLANTA FULTON CO AIRPORT GA US,20100901,768,33
GHCND:USW00003888,ATLANTA FULTON CO AIRPORT GA US,20100902,766,34
GHCND:USW00003888,ATLANTA FULTON CO AIRPORT GA US,20100903,764,34
GHCND:USW00003888,ATLANTA FULTON CO AIRPORT GA US,20100904,761,35
GHCND:USW00003888,ATLANTA FULTON CO AIRPORT GA US,20100905,759,35
GHCND:USW00003888,ATLANTA FULTON CO AIRPORT GA US,20100906,757,36
GHCND:USW00003888,ATLANTA FULTON CO AIRPORT GA US,20100907,754,37
GHCND:USW00003888,ATLANTA FULTON CO AIRPORT GA US,20100908,752,38
GHCND:USW00003888,ATLANTA FULTON CO AIRPORT GA US,20100909,749,39
GHCND:USW00003888,ATLANTA FULTON CO AIRPORT GA US,20100910,747,40
GHCND:USW00003888,ATLANTA FULTON CO AIRPORT GA US,20100911,744,40
GHCND:USW00003888,ATLANTA FULTON CO AIRPORT GA US,20100912,741,41
GHCND:USW00003888,ATLANTA FULTON CO AIRPORT GA US,20100913,738,42
GHCND:USW00003888,ATLANTA FULTON CO AIRPORT GA US,20100914,735,43
GHCND:USW00003888,ATLANTA FULTON CO AIRPORT GA US,20100915,732,44
GHCND:USW00003888,ATLANTA FULTON CO AIRPORT GA US,20100916,729,45
GHCND:USW00003888,ATLANTA FULTON CO AIRPORT GA US,20100917,726,47
GHCND:USW00003888,ATLANTA FULTON CO AIRPORT GA US,20100918,722,48
GHCND:USW00003888,ATLANTA FULTON CO AIRPORT GA US,20100919,719,49
GHCND:USW00003888,ATLANTA FULTON CO AIRPORT GA US,20100920,716,50
GHCND:USW00003888,ATLANTA FULTON CO AIRPORT GA US,20100921,712,51
GHCND:USW00003888,ATLANTA FULTON CO AIRPORT GA US,20100922,709,52
GHCND:USW00003888,ATLANTA FULTON CO AIRPORT GA US,20100923,705,53
GHCND:USW00003888,ATLANTA FULTON CO AIRPORT GA US,20100924,702,54
GHCND:USW00003888,ATLANTA FULTON CO AIRPORT GA US,20100925,698,55
GHCND:USW00003888,ATLANTA FULTON CO AIRPORT GA US,20100926,695,56
GHCND:USW00003888,ATLANTA FULTON CO AIRPORT GA US,20100927,691,56
GHCND:USW00003888,ATLANTA FULTON CO AIRPORT GA US,20100928,687,57
GHCND:USW00003888,ATLANTA FULTON CO AIRPORT GA US,20100929,684,58
GHCND:USW00003888,ATLANTA FULTON CO AIRPORT GA US,20100930,680,59
GHCND:USW00003888,ATLANTA FULTON CO AIRPORT GA US,20101001,676,60
GHCND:USW00003888,ATLANTA FULTON CO AIRPORT GA US,20101002,673,60
GHCND:USW00003888,ATLANTA FULTON CO AIRPORT GA US,20101003,669,61
GHCND:USW00003888,ATLANTA FULTON CO AIRPORT GA US,20101004,665,61
GHCND:USW00003888,ATLANTA FULTON CO AIRPORT GA US,20101005,662,62
GHCND:USW00003888,ATLANTA FULTON CO AIRPORT GA US,20101006,658,62
GHCND:USW00003888,ATLANTA FULTON CO AIRPORT GA US,20101007,655,63
GHCND:USW00003888,ATLANTA FULTON CO AIRPORT GA US,20101008,651,63
GHCND:USW00003888,ATLANTA FULTON CO AIRPORT GA US,20101009,648,64
GHCND:USW00003888,ATLANTA FULTON CO AIRPORT GA US,20101010,644,64
GHCND:USW00003888,ATLANTA FULTON CO AIRPORT GA US,20101011,641,65
GHCND:USW00003888,ATLANTA FULTON CO AIRPORT GA US,20101012,637,65
GHCND:USW00003888,ATLANTA FULTON CO AIRPORT GA US,20101013,634,66
GHCND:USW00003888,ATLANTA FULTON CO AIRPORT GA US,20101014,630,66
GHCND:USW00003888,ATLANTA FULTON CO AIRPORT GA US,20101015,627,67
GHCND:USW00003888,ATLANTA FULTON CO AIRPORT GA US,20101016,624,67
GHCND:USW00003888,ATLANTA FULTON CO AIRPORT GA US,20101017,620,68
GHCND:USW00003888,ATLANTA FULTON CO AIRPORT GA US,20101018,617,68
GHCND:USW00003888,ATLANTA FULTON CO AIRPORT GA US,20101019,614,69
GHCND:USW00003888,ATLANTA FULTON CO AIRPORT GA US,20101020,611,69
GHCND:USW00003888,ATLANTA FULTON CO AIRPORT GA US,20101021,608,69
GHCND:USW00003888,ATLANTA FULTON CO AIRPORT GA US,20101022,605,70
GHCND:USW00003888,ATLANTA FULTON CO AIRPORT GA US,20101023,602,70
GHCND:USW00003888,ATLANTA FULTON CO AIRPORT GA US,20101024,599,70
GHCND:USW00003888,ATLANTA FULTON CO AIRPORT GA US,20101025,595,70
GHCND:USW00003888,ATLANTA FULTON CO AIRPORT GA US,20101026,592,70
GHCND:USW00003888,ATLANTA FULTON CO AIRPORT GA US,20101027,589,70
GHCND:USW00003888,ATLANTA FULTON CO AIRPORT GA US,20101028,586,70
GHCND:USW00003888,ATLANTA FULTON CO AIRPORT GA US,20101029,584,71
GHCND:USW00003888,ATLANTA FULTON CO AIRPORT GA US,20101030,581,71
GHCND:USW00003888,ATLANTA FULTON CO AIRPORT GA US,20101031,578,71
GHCND:USW00003888,ATLANTA FULTON CO AIRPORT GA US,20101101,575,71
GHCND:USW00003888,ATLANTA FULTON CO AIRPORT GA US,20101102,572,71
GHCND:USW00003888,ATLANTA FULTON CO AIRPORT GA US,20101103,569,71
GHCND:USW00003888,ATLANTA FULTON CO AIRPORT GA US,20101104,566,72
GHCND:USW00003888,ATLANTA FULTON CO AIRPORT GA US,20101105,563,72
GHCND:USW00003888,ATLANTA FULTON CO AIRPORT GA US,20101106,560,72
GHCND:USW00003888,ATLANTA FULTON CO AIRPORT GA US,20101107,557,72
GHCND:USW00003888,ATLANTA FULTON CO AIRPORT GA US,20101108,554,72
GHCND:USW00003888,ATLANTA FULTON CO AIRPORT GA US,20101109,551,72
GHCND:USW00003888,ATLANTA FULTON CO AIRPORT GA US,20101110,548,72
GHCND:USW00003888,ATLANTA FULTON CO AIRPORT GA US,20101111,545,72
GHCND:USW00003888,ATLANTA FULTON CO AIRPORT GA US,20101112,541,72
GHCND:USW00003888,ATLANTA FULTON CO AIRPORT GA US,20101113,538,72
GHCND:USW00003888,ATLANTA FULTON CO AIRPORT GA US,20101114,535,72
GHCND:USW00003888,ATLANTA FULTON CO AIRPORT GA US,20101115,532,72
GHCND:USW00003888,ATLANTA FULTON CO AIRPORT GA US,20101116,529,72
GHCND:USW00003888,ATLANTA FULTON CO AIRPORT GA US,20101117,526,72
GHCND:USW00003888,ATLANTA FULTON CO AIRPORT GA US,20101118,522,73
GHCND:USW00003888,ATLANTA FULTON CO AIRPORT GA US,20101119,519,73
GHCND:USW00003888,ATLANTA FULTON CO AIRPORT GA US,20101120,516,73
GHCND:USW00003888,ATLANTA FULTON CO AIRPORT GA US,20101121,513,74
GHCND:USW00003888,ATLANTA FULTON CO AIRPORT GA US,20101122,510,75
GHCND:USW00003888,ATLANTA FULTON CO AIRPORT GA US,20101123,506,75
GHCND:USW00003888,ATLANTA FULTON CO AIRPORT GA US,20101124,503,76
GHCND:USW00003888,ATLANTA FULTON CO AIRPORT GA US,20101125,500,77
GHCND:USW00003888,ATLANTA FULTON CO AIRPORT GA US,20101126,497,77
GHCND:USW00003888,ATLANTA FULTON CO AIRPORT GA US,20101127,494,78
GHCND:USW00003888,ATLANTA FULTON CO AIRPORT GA US,20101128,491,79
GHCND:USW00003888,ATLANTA FULTON CO AIRPORT GA US,20101129,487,80
GHCND:USW00003888,ATLANTA FULTON CO AIRPORT GA US,20101130,484,80
GHCND:USW00003888,ATLANTA FULTON CO AIRPORT GA US,20101201,481,81
GHCND:USW00003888,ATLANTA FULTON CO AIRPORT GA US,20101202,478,82
GHCND:USW00003888,ATLANTA FULTON CO AIRPORT GA US,20101203,475,82
GHCND:USW00003888,ATLANTA FULTON CO AIRPORT GA US,20101204,473,82
GHCND:USW00003888,ATLANTA FULTON CO AIRPORT GA US,20101205,470,83
GHCND:USW00003888,ATLANTA FULTON CO AIRPORT GA US,20101206,467,83
GHCND:USW00003888,ATLANTA FULTON CO AIRPORT GA US,20101207,464,83
GHCND:USW00003888,ATLANTA FULTON CO AIRPORT GA US,20101208,462,83
GHCND:USW00003888,ATLANTA FULTON CO AIRPORT GA US,20101209,459,83
GHCND:USW00003888,ATLANTA FULTON CO AIRPORT GA US,20101210,457,83
GHCND:USW00003888,ATLANTA FULTON CO AIRPORT GA US,20101211,454,83
GHCND:USW00003888,ATLANTA FULTON CO AIRPORT GA US,20101212,452,84
GHCND:USW00003888,ATLANTA FULTON CO AIRPORT GA US,20101213,450,84
GHCND:USW00003888,ATLANTA FULTON CO AIRPORT GA US,20101214,448,84
GHCND:USW00003888,ATLANTA FULTON CO AIRPORT GA US,20101215,446,84
GHCND:USW00003888,ATLANTA FULTON CO AIRPORT GA US,20101216,444,85
GHCND:USW00003888,ATLANTA FULTON CO AIRPORT GA US,20101217,442,85
GHCND:USW00003888,ATLANTA FULTON CO AIRPORT GA US,20101218,441,85
GHCND:USW00003888,ATLANTA FULTON CO AIRPORT GA US,20101219,439,86
GHCND:USW00003888,ATLANTA FULTON CO AIRPORT GA US,20101220,438,86
GHCND:USW00003888,ATLANTA FULTON CO AIRPORT GA US,20101221,436,87
GHCND:USW00003888,ATLANTA FULTON CO AIRPORT GA US,20101222,435,87
GHCND:USW00003888,ATLANTA FULTON CO AIRPORT GA US,20101223,434,88
GHCND:USW00003888,ATLANTA FULTON CO AIRPORT GA US,20101224,433,88
GHCND:USW00003888,ATLANTA FULTON CO AIRPORT GA US,20101225,432,89
GHCND:USW00003888,ATLANTA FULTON CO AIRPORT GA US,20101226,431,89
GHCND:USW00003888,ATLANTA FULTON CO AIRPORT GA US,20101227,430,90
GHCND:USW00003888,ATLANTA FULTON CO AIRPORT GA US,20101228,430,90
GHCND:USW00003888,ATLANTA FULTON CO AIRPORT GA US,20101229,429,90
GHCND:USW00003888,ATLANTA FULTON CO AIRPORT GA US,20101230,428,90
GHCND:USW00003888,ATLANTA FULTON CO AIRPORT GA US,20101231,428,90
